-- FILKOM MERCH DATABASE DUMP / SEED FILE
-- Generated automatically for live deployment sync

SET FOREIGN_KEY_CHECKS=0;

-- Dumping data for categories
INSERT INTO `categories` (`id`, `name`, `slug`, `created_at`, `is_active`) VALUES (1, 'Apparel', 'apparel', '2026-06-22 12:19:44', 1) ON DUPLICATE KEY UPDATE `id`=1, `name`='Apparel', `slug`='apparel', `created_at`='2026-06-22 12:19:44', `is_active`=1;
INSERT INTO `categories` (`id`, `name`, `slug`, `created_at`, `is_active`) VALUES (2, 'Accessories', 'accessories', '2026-06-22 12:19:44', 1) ON DUPLICATE KEY UPDATE `id`=2, `name`='Accessories', `slug`='accessories', `created_at`='2026-06-22 12:19:44', `is_active`=1;
INSERT INTO `categories` (`id`, `name`, `slug`, `created_at`, `is_active`) VALUES (3, 'BAGS & LIFESTYLE', 'bags--lifestyle', '2026-06-24 14:36:00', 0) ON DUPLICATE KEY UPDATE `id`=3, `name`='BAGS & LIFESTYLE', `slug`='bags--lifestyle', `created_at`='2026-06-24 14:36:00', `is_active`=0;
INSERT INTO `categories` (`id`, `name`, `slug`, `created_at`, `is_active`) VALUES (4, 'BARA SPECIAL EDITION', 'bara-special-edition', '2026-06-24 14:36:28', 0) ON DUPLICATE KEY UPDATE `id`=4, `name`='BARA SPECIAL EDITION', `slug`='bara-special-edition', `created_at`='2026-06-24 14:36:28', `is_active`=0;
INSERT INTO `categories` (`id`, `name`, `slug`, `created_at`, `is_active`) VALUES (5, 'Bundle', 'bundle', '2026-07-12 05:44:23', 1) ON DUPLICATE KEY UPDATE `id`=5, `name`='Bundle', `slug`='bundle', `created_at`='2026-07-12 05:44:23', `is_active`=1;
INSERT INTO `categories` (`id`, `name`, `slug`, `created_at`, `is_active`) VALUES (27, 'Main Hero', 'main-hero', '2026-07-13 17:39:39', 1) ON DUPLICATE KEY UPDATE `id`=27, `name`='Main Hero', `slug`='main-hero', `created_at`='2026-07-13 17:39:39', `is_active`=1;

-- Dumping data for products
INSERT INTO `products` (`id`, `category_id`, `name`, `slug`, `sku_prefix`, `description`, `price`, `filkom_price`, `promo_price`, `sale_type`, `product_type`, `original_price`, `cost_price`, `low_stock_threshold`, `weight_gram`, `image_url`, `is_active`, `preorder_start_at`, `preorder_end_at`, `preorder_moq`, `production_eta_days`, `is_featured`, `is_best_seller`, `is_limited`, `created_at`, `updated_at`, `bahan`, `asal`, `aplikasi`, `size_chart_url`, `pre_order_campaign_id`) VALUES (1, 1, 'Varsity FILKOM Edition', 'varsity-filkom', NULL, 'Varsity premium dengan bordir logo FILKOM.', 185000, NULL, NULL, 'ready_stock', 'apparel', NULL, 0, 5, 0, 'https://images.unsplash.com/photo-1556821840-3a63f95609a7?auto=format&fit=crop&q=80&w=400', 1, NULL, NULL, NULL, NULL, 0, 0, 0, '2026-06-22 12:19:44', '2026-06-22 12:19:44', NULL, NULL, NULL, NULL, NULL) ON DUPLICATE KEY UPDATE `id`=1, `category_id`=1, `name`='Varsity FILKOM Edition', `slug`='varsity-filkom', `sku_prefix`=NULL, `description`='Varsity premium dengan bordir logo FILKOM.', `price`=185000, `filkom_price`=NULL, `promo_price`=NULL, `sale_type`='ready_stock', `product_type`='apparel', `original_price`=NULL, `cost_price`=0, `low_stock_threshold`=5, `weight_gram`=0, `image_url`='https://images.unsplash.com/photo-1556821840-3a63f95609a7?auto=format&fit=crop&q=80&w=400', `is_active`=1, `preorder_start_at`=NULL, `preorder_end_at`=NULL, `preorder_moq`=NULL, `production_eta_days`=NULL, `is_featured`=0, `is_best_seller`=0, `is_limited`=0, `created_at`='2026-06-22 12:19:44', `updated_at`='2026-06-22 12:19:44', `bahan`=NULL, `asal`=NULL, `aplikasi`=NULL, `size_chart_url`=NULL, `pre_order_campaign_id`=NULL;
INSERT INTO `products` (`id`, `category_id`, `name`, `slug`, `sku_prefix`, `description`, `price`, `filkom_price`, `promo_price`, `sale_type`, `product_type`, `original_price`, `cost_price`, `low_stock_threshold`, `weight_gram`, `image_url`, `is_active`, `preorder_start_at`, `preorder_end_at`, `preorder_moq`, `production_eta_days`, `is_featured`, `is_best_seller`, `is_limited`, `created_at`, `updated_at`, `bahan`, `asal`, `aplikasi`, `size_chart_url`, `pre_order_campaign_id`) VALUES (2, 1, 'Hoodie Code/Run', 'hoodie-code-run', NULL, 'Hoodie nyaman untuk ngoding semalaman.', 160000, NULL, NULL, 'ready_stock', 'apparel', NULL, 0, 5, 0, 'https://images.unsplash.com/photo-1556821840-3a63f95609a7?auto=format&fit=crop&q=80&w=400', 1, NULL, NULL, NULL, NULL, 0, 0, 0, '2026-06-22 12:19:44', '2026-06-22 12:19:44', NULL, NULL, NULL, NULL, NULL) ON DUPLICATE KEY UPDATE `id`=2, `category_id`=1, `name`='Hoodie Code/Run', `slug`='hoodie-code-run', `sku_prefix`=NULL, `description`='Hoodie nyaman untuk ngoding semalaman.', `price`=160000, `filkom_price`=NULL, `promo_price`=NULL, `sale_type`='ready_stock', `product_type`='apparel', `original_price`=NULL, `cost_price`=0, `low_stock_threshold`=5, `weight_gram`=0, `image_url`='https://images.unsplash.com/photo-1556821840-3a63f95609a7?auto=format&fit=crop&q=80&w=400', `is_active`=1, `preorder_start_at`=NULL, `preorder_end_at`=NULL, `preorder_moq`=NULL, `production_eta_days`=NULL, `is_featured`=0, `is_best_seller`=0, `is_limited`=0, `created_at`='2026-06-22 12:19:44', `updated_at`='2026-06-22 12:19:44', `bahan`=NULL, `asal`=NULL, `aplikasi`=NULL, `size_chart_url`=NULL, `pre_order_campaign_id`=NULL;
INSERT INTO `products` (`id`, `category_id`, `name`, `slug`, `sku_prefix`, `description`, `price`, `filkom_price`, `promo_price`, `sale_type`, `product_type`, `original_price`, `cost_price`, `low_stock_threshold`, `weight_gram`, `image_url`, `is_active`, `preorder_start_at`, `preorder_end_at`, `preorder_moq`, `production_eta_days`, `is_featured`, `is_best_seller`, `is_limited`, `created_at`, `updated_at`, `bahan`, `asal`, `aplikasi`, `size_chart_url`, `pre_order_campaign_id`) VALUES (3, 1, 'T-Shirt Debugging', 'tshirt-debugging', NULL, 'Kaos katun adem dengan desain programmer.', 85000, NULL, NULL, 'ready_stock', 'apparel', 105000, 0, 5, 0, 'https://images.unsplash.com/photo-1521572163474-6864f9cf17ab?auto=format&fit=crop&q=80&w=400', 1, NULL, NULL, NULL, NULL, 0, 0, 0, '2026-06-22 12:19:44', '2026-06-25 18:40:53', NULL, NULL, NULL, NULL, NULL) ON DUPLICATE KEY UPDATE `id`=3, `category_id`=1, `name`='T-Shirt Debugging', `slug`='tshirt-debugging', `sku_prefix`=NULL, `description`='Kaos katun adem dengan desain programmer.', `price`=85000, `filkom_price`=NULL, `promo_price`=NULL, `sale_type`='ready_stock', `product_type`='apparel', `original_price`=105000, `cost_price`=0, `low_stock_threshold`=5, `weight_gram`=0, `image_url`='https://images.unsplash.com/photo-1521572163474-6864f9cf17ab?auto=format&fit=crop&q=80&w=400', `is_active`=1, `preorder_start_at`=NULL, `preorder_end_at`=NULL, `preorder_moq`=NULL, `production_eta_days`=NULL, `is_featured`=0, `is_best_seller`=0, `is_limited`=0, `created_at`='2026-06-22 12:19:44', `updated_at`='2026-06-25 18:40:53', `bahan`=NULL, `asal`=NULL, `aplikasi`=NULL, `size_chart_url`=NULL, `pre_order_campaign_id`=NULL;
INSERT INTO `products` (`id`, `category_id`, `name`, `slug`, `sku_prefix`, `description`, `price`, `filkom_price`, `promo_price`, `sale_type`, `product_type`, `original_price`, `cost_price`, `low_stock_threshold`, `weight_gram`, `image_url`, `is_active`, `preorder_start_at`, `preorder_end_at`, `preorder_moq`, `production_eta_days`, `is_featured`, `is_best_seller`, `is_limited`, `created_at`, `updated_at`, `bahan`, `asal`, `aplikasi`, `size_chart_url`, `pre_order_campaign_id`) VALUES (4, 2, 'Lanyard FILKOM Exclusive', 'lanyard-filkom', NULL, 'Lanyard untuk ID Card mahasiswa.', 25000, NULL, NULL, 'ready_stock', 'apparel', NULL, 0, 5, 0, 'https://images.unsplash.com/photo-1601004890684-d8cbf643f5f2?auto=format&fit=crop&q=80&w=400', 1, NULL, NULL, NULL, NULL, 0, 0, 0, '2026-06-22 12:19:44', '2026-06-22 12:19:44', NULL, NULL, NULL, NULL, NULL) ON DUPLICATE KEY UPDATE `id`=4, `category_id`=2, `name`='Lanyard FILKOM Exclusive', `slug`='lanyard-filkom', `sku_prefix`=NULL, `description`='Lanyard untuk ID Card mahasiswa.', `price`=25000, `filkom_price`=NULL, `promo_price`=NULL, `sale_type`='ready_stock', `product_type`='apparel', `original_price`=NULL, `cost_price`=0, `low_stock_threshold`=5, `weight_gram`=0, `image_url`='https://images.unsplash.com/photo-1601004890684-d8cbf643f5f2?auto=format&fit=crop&q=80&w=400', `is_active`=1, `preorder_start_at`=NULL, `preorder_end_at`=NULL, `preorder_moq`=NULL, `production_eta_days`=NULL, `is_featured`=0, `is_best_seller`=0, `is_limited`=0, `created_at`='2026-06-22 12:19:44', `updated_at`='2026-06-22 12:19:44', `bahan`=NULL, `asal`=NULL, `aplikasi`=NULL, `size_chart_url`=NULL, `pre_order_campaign_id`=NULL;
INSERT INTO `products` (`id`, `category_id`, `name`, `slug`, `sku_prefix`, `description`, `price`, `filkom_price`, `promo_price`, `sale_type`, `product_type`, `original_price`, `cost_price`, `low_stock_threshold`, `weight_gram`, `image_url`, `is_active`, `preorder_start_at`, `preorder_end_at`, `preorder_moq`, `production_eta_days`, `is_featured`, `is_best_seller`, `is_limited`, `created_at`, `updated_at`, `bahan`, `asal`, `aplikasi`, `size_chart_url`, `pre_order_campaign_id`) VALUES (5, 1, 'w', 'w', NULL, NULL, 45000, 46000, NULL, 'ready_stock', 'bundle', 56000, 0, 5, 0, 'http://localhost:8080/uploads/files-1782470460603-466707499.png', 1, NULL, NULL, NULL, NULL, 0, 0, 0, '2026-06-26 10:44:49', '2026-06-26 10:44:49', 'marsoto', NULL, NULL, NULL, NULL) ON DUPLICATE KEY UPDATE `id`=5, `category_id`=1, `name`='w', `slug`='w', `sku_prefix`=NULL, `description`=NULL, `price`=45000, `filkom_price`=46000, `promo_price`=NULL, `sale_type`='ready_stock', `product_type`='bundle', `original_price`=56000, `cost_price`=0, `low_stock_threshold`=5, `weight_gram`=0, `image_url`='http://localhost:8080/uploads/files-1782470460603-466707499.png', `is_active`=1, `preorder_start_at`=NULL, `preorder_end_at`=NULL, `preorder_moq`=NULL, `production_eta_days`=NULL, `is_featured`=0, `is_best_seller`=0, `is_limited`=0, `created_at`='2026-06-26 10:44:49', `updated_at`='2026-06-26 10:44:49', `bahan`='marsoto', `asal`=NULL, `aplikasi`=NULL, `size_chart_url`=NULL, `pre_order_campaign_id`=NULL;
INSERT INTO `products` (`id`, `category_id`, `name`, `slug`, `sku_prefix`, `description`, `price`, `filkom_price`, `promo_price`, `sale_type`, `product_type`, `original_price`, `cost_price`, `low_stock_threshold`, `weight_gram`, `image_url`, `is_active`, `preorder_start_at`, `preorder_end_at`, `preorder_moq`, `production_eta_days`, `is_featured`, `is_best_seller`, `is_limited`, `created_at`, `updated_at`, `bahan`, `asal`, `aplikasi`, `size_chart_url`, `pre_order_campaign_id`) VALUES (7, 5, 'wwswe', 'wwswe', NULL, 'HALOOOOOO', 45000, 46000, NULL, 'pre_order', 'bundle', 56000, 0, 5, 0, 'http://localhost:8080/uploads/files-1782470460603-466707499.png', 1, NULL, NULL, NULL, NULL, 0, 0, 0, '2026-06-26 10:45:11', '2026-07-14 14:27:55', 'marsoto', NULL, NULL, NULL, NULL) ON DUPLICATE KEY UPDATE `id`=7, `category_id`=5, `name`='wwswe', `slug`='wwswe', `sku_prefix`=NULL, `description`='HALOOOOOO', `price`=45000, `filkom_price`=46000, `promo_price`=NULL, `sale_type`='pre_order', `product_type`='bundle', `original_price`=56000, `cost_price`=0, `low_stock_threshold`=5, `weight_gram`=0, `image_url`='http://localhost:8080/uploads/files-1782470460603-466707499.png', `is_active`=1, `preorder_start_at`=NULL, `preorder_end_at`=NULL, `preorder_moq`=NULL, `production_eta_days`=NULL, `is_featured`=0, `is_best_seller`=0, `is_limited`=0, `created_at`='2026-06-26 10:45:11', `updated_at`='2026-07-14 14:27:55', `bahan`='marsoto', `asal`=NULL, `aplikasi`=NULL, `size_chart_url`=NULL, `pre_order_campaign_id`=NULL;
INSERT INTO `products` (`id`, `category_id`, `name`, `slug`, `sku_prefix`, `description`, `price`, `filkom_price`, `promo_price`, `sale_type`, `product_type`, `original_price`, `cost_price`, `low_stock_threshold`, `weight_gram`, `image_url`, `is_active`, `preorder_start_at`, `preorder_end_at`, `preorder_moq`, `production_eta_days`, `is_featured`, `is_best_seller`, `is_limited`, `created_at`, `updated_at`, `bahan`, `asal`, `aplikasi`, `size_chart_url`, `pre_order_campaign_id`) VALUES (8, 27, 'FILKOM Varsity Jacket 2026 Edition', 'filkom-varsity-jacket-2026-edition', NULL, 'Made with love & pride of FILKOM.', 339000, 329000, NULL, 'pre_order', 'apparel', 359000, 0, 10, 0, 'http://127.0.0.1:8080/uploads/file-1784004222170-298375803.jpg', 1, '2026-07-19 17:00:00', '2026-07-31 16:59:00', 24, 30, 0, 0, 0, '2026-07-13 17:44:35', '2026-07-14 04:43:42', 'Fleece CVC 280 GSM', 'FILKOM Merch', 'Bordir 5 titik, resleting YKK, furing quilting dacron, synthetic leather ', 'https://filkommerch.com/uploads/file-1783966155317-271003696.jpeg', NULL) ON DUPLICATE KEY UPDATE `id`=8, `category_id`=27, `name`='FILKOM Varsity Jacket 2026 Edition', `slug`='filkom-varsity-jacket-2026-edition', `sku_prefix`=NULL, `description`='Made with love & pride of FILKOM.', `price`=339000, `filkom_price`=329000, `promo_price`=NULL, `sale_type`='pre_order', `product_type`='apparel', `original_price`=359000, `cost_price`=0, `low_stock_threshold`=10, `weight_gram`=0, `image_url`='http://127.0.0.1:8080/uploads/file-1784004222170-298375803.jpg', `is_active`=1, `preorder_start_at`='2026-07-19 17:00:00', `preorder_end_at`='2026-07-31 16:59:00', `preorder_moq`=24, `production_eta_days`=30, `is_featured`=0, `is_best_seller`=0, `is_limited`=0, `created_at`='2026-07-13 17:44:35', `updated_at`='2026-07-14 04:43:42', `bahan`='Fleece CVC 280 GSM', `asal`='FILKOM Merch', `aplikasi`='Bordir 5 titik, resleting YKK, furing quilting dacron, synthetic leather ', `size_chart_url`='https://filkommerch.com/uploads/file-1783966155317-271003696.jpeg', `pre_order_campaign_id`=NULL;
INSERT INTO `products` (`id`, `category_id`, `name`, `slug`, `sku_prefix`, `description`, `price`, `filkom_price`, `promo_price`, `sale_type`, `product_type`, `original_price`, `cost_price`, `low_stock_threshold`, `weight_gram`, `image_url`, `is_active`, `preorder_start_at`, `preorder_end_at`, `preorder_moq`, `production_eta_days`, `is_featured`, `is_best_seller`, `is_limited`, `created_at`, `updated_at`, `bahan`, `asal`, `aplikasi`, `size_chart_url`, `pre_order_campaign_id`) VALUES (10, 27, 'Work Jacket ', 'work-jacket-', NULL, NULL, 259000, 249000, NULL, 'pre_order', 'apparel', 269000, 0, 5, 0, 'http://127.0.0.1:8080/uploads/file-1784004140351-954328294.jpg', 1, '2026-07-19 17:00:00', '2026-07-31 16:59:00', 12, 30, 0, 0, 0, '2026-07-13 18:43:00', '2026-07-14 04:42:21', 'd', NULL, NULL, NULL, NULL) ON DUPLICATE KEY UPDATE `id`=10, `category_id`=27, `name`='Work Jacket ', `slug`='work-jacket-', `sku_prefix`=NULL, `description`=NULL, `price`=259000, `filkom_price`=249000, `promo_price`=NULL, `sale_type`='pre_order', `product_type`='apparel', `original_price`=269000, `cost_price`=0, `low_stock_threshold`=5, `weight_gram`=0, `image_url`='http://127.0.0.1:8080/uploads/file-1784004140351-954328294.jpg', `is_active`=1, `preorder_start_at`='2026-07-19 17:00:00', `preorder_end_at`='2026-07-31 16:59:00', `preorder_moq`=12, `production_eta_days`=30, `is_featured`=0, `is_best_seller`=0, `is_limited`=0, `created_at`='2026-07-13 18:43:00', `updated_at`='2026-07-14 04:42:21', `bahan`='d', `asal`=NULL, `aplikasi`=NULL, `size_chart_url`=NULL, `pre_order_campaign_id`=NULL;
INSERT INTO `products` (`id`, `category_id`, `name`, `slug`, `sku_prefix`, `description`, `price`, `filkom_price`, `promo_price`, `sale_type`, `product_type`, `original_price`, `cost_price`, `low_stock_threshold`, `weight_gram`, `image_url`, `is_active`, `preorder_start_at`, `preorder_end_at`, `preorder_moq`, `production_eta_days`, `is_featured`, `is_best_seller`, `is_limited`, `created_at`, `updated_at`, `bahan`, `asal`, `aplikasi`, `size_chart_url`, `pre_order_campaign_id`) VALUES (11, 27, 'Halfzip Jacket FILKOM Est. 2011 ', 'halfzip-jacket-filkom-est-2011', NULL, 'Halfzip nih boss', 189000, 179000, 189000, 'pre_order', 'apparel', 199000, 0, 5, 0, 'http://127.0.0.1:8080/uploads/file-1784099646523-85227392.jpg', 1, NULL, NULL, NULL, NULL, 0, 0, 0, '2026-07-15 07:15:32', '2026-07-15 07:15:32', 'Fleece Cotton 280GSM', NULL, 'Sablon DTF', NULL, NULL) ON DUPLICATE KEY UPDATE `id`=11, `category_id`=27, `name`='Halfzip Jacket FILKOM Est. 2011 ', `slug`='halfzip-jacket-filkom-est-2011', `sku_prefix`=NULL, `description`='Halfzip nih boss', `price`=189000, `filkom_price`=179000, `promo_price`=189000, `sale_type`='pre_order', `product_type`='apparel', `original_price`=199000, `cost_price`=0, `low_stock_threshold`=5, `weight_gram`=0, `image_url`='http://127.0.0.1:8080/uploads/file-1784099646523-85227392.jpg', `is_active`=1, `preorder_start_at`=NULL, `preorder_end_at`=NULL, `preorder_moq`=NULL, `production_eta_days`=NULL, `is_featured`=0, `is_best_seller`=0, `is_limited`=0, `created_at`='2026-07-15 07:15:32', `updated_at`='2026-07-15 07:15:32', `bahan`='Fleece Cotton 280GSM', `asal`=NULL, `aplikasi`='Sablon DTF', `size_chart_url`=NULL, `pre_order_campaign_id`=NULL;

-- Dumping data for product_variants
INSERT INTO `product_variants` (`id`, `product_id`, `sku`, `size`, `stock`, `stock_reserved`, `reorder_level`, `barcode`, `is_active`, `color`, `color_hex`, `price_override`, `filkom_price`, `created_at`, `updated_at`) VALUES (1, 1, 'VARSITYF-0001', 'S', 7, 1, 0, NULL, 1, 'Default', NULL, NULL, NULL, '2026-06-24 12:46:26', '2026-06-24 14:28:59') ON DUPLICATE KEY UPDATE `id`=1, `product_id`=1, `sku`='VARSITYF-0001', `size`='S', `stock`=7, `stock_reserved`=1, `reorder_level`=0, `barcode`=NULL, `is_active`=1, `color`='Default', `color_hex`=NULL, `price_override`=NULL, `filkom_price`=NULL, `created_at`='2026-06-24 12:46:26', `updated_at`='2026-06-24 14:28:59';
INSERT INTO `product_variants` (`id`, `product_id`, `sku`, `size`, `stock`, `stock_reserved`, `reorder_level`, `barcode`, `is_active`, `color`, `color_hex`, `price_override`, `filkom_price`, `created_at`, `updated_at`) VALUES (2, 1, 'VARSITYF-0002', 'M', 24, 0, 0, NULL, 1, 'Default', NULL, NULL, NULL, '2026-06-24 12:46:26', '2026-06-24 16:17:39') ON DUPLICATE KEY UPDATE `id`=2, `product_id`=1, `sku`='VARSITYF-0002', `size`='M', `stock`=24, `stock_reserved`=0, `reorder_level`=0, `barcode`=NULL, `is_active`=1, `color`='Default', `color_hex`=NULL, `price_override`=NULL, `filkom_price`=NULL, `created_at`='2026-06-24 12:46:26', `updated_at`='2026-06-24 16:17:39';
INSERT INTO `product_variants` (`id`, `product_id`, `sku`, `size`, `stock`, `stock_reserved`, `reorder_level`, `barcode`, `is_active`, `color`, `color_hex`, `price_override`, `filkom_price`, `created_at`, `updated_at`) VALUES (3, 1, 'VARSITYF-0003', 'L', 28, 3, 0, NULL, 1, 'Default', NULL, NULL, NULL, '2026-06-24 12:46:26', '2026-07-13 15:59:27') ON DUPLICATE KEY UPDATE `id`=3, `product_id`=1, `sku`='VARSITYF-0003', `size`='L', `stock`=28, `stock_reserved`=3, `reorder_level`=0, `barcode`=NULL, `is_active`=1, `color`='Default', `color_hex`=NULL, `price_override`=NULL, `filkom_price`=NULL, `created_at`='2026-06-24 12:46:26', `updated_at`='2026-07-13 15:59:27';
INSERT INTO `product_variants` (`id`, `product_id`, `sku`, `size`, `stock`, `stock_reserved`, `reorder_level`, `barcode`, `is_active`, `color`, `color_hex`, `price_override`, `filkom_price`, `created_at`, `updated_at`) VALUES (4, 1, 'VARSITYF-0004', 'XL', 15, 5, 0, NULL, 1, 'Default', NULL, NULL, NULL, '2026-06-24 12:46:26', '2026-06-25 16:13:04') ON DUPLICATE KEY UPDATE `id`=4, `product_id`=1, `sku`='VARSITYF-0004', `size`='XL', `stock`=15, `stock_reserved`=5, `reorder_level`=0, `barcode`=NULL, `is_active`=1, `color`='Default', `color_hex`=NULL, `price_override`=NULL, `filkom_price`=NULL, `created_at`='2026-06-24 12:46:26', `updated_at`='2026-06-25 16:13:04';
INSERT INTO `product_variants` (`id`, `product_id`, `sku`, `size`, `stock`, `stock_reserved`, `reorder_level`, `barcode`, `is_active`, `color`, `color_hex`, `price_override`, `filkom_price`, `created_at`, `updated_at`) VALUES (5, 2, 'HOODIECO-0005', 'S', 1, 0, 0, NULL, 1, 'Default', NULL, NULL, NULL, '2026-06-24 12:46:26', '2026-06-24 16:38:24') ON DUPLICATE KEY UPDATE `id`=5, `product_id`=2, `sku`='HOODIECO-0005', `size`='S', `stock`=1, `stock_reserved`=0, `reorder_level`=0, `barcode`=NULL, `is_active`=1, `color`='Default', `color_hex`=NULL, `price_override`=NULL, `filkom_price`=NULL, `created_at`='2026-06-24 12:46:26', `updated_at`='2026-06-24 16:38:24';
INSERT INTO `product_variants` (`id`, `product_id`, `sku`, `size`, `stock`, `stock_reserved`, `reorder_level`, `barcode`, `is_active`, `color`, `color_hex`, `price_override`, `filkom_price`, `created_at`, `updated_at`) VALUES (6, 2, 'HOODIECO-0006', 'M', 19, 1, 0, NULL, 1, 'Default', NULL, NULL, NULL, '2026-06-24 12:46:26', '2026-06-24 16:37:00') ON DUPLICATE KEY UPDATE `id`=6, `product_id`=2, `sku`='HOODIECO-0006', `size`='M', `stock`=19, `stock_reserved`=1, `reorder_level`=0, `barcode`=NULL, `is_active`=1, `color`='Default', `color_hex`=NULL, `price_override`=NULL, `filkom_price`=NULL, `created_at`='2026-06-24 12:46:26', `updated_at`='2026-06-24 16:37:00';
INSERT INTO `product_variants` (`id`, `product_id`, `sku`, `size`, `stock`, `stock_reserved`, `reorder_level`, `barcode`, `is_active`, `color`, `color_hex`, `price_override`, `filkom_price`, `created_at`, `updated_at`) VALUES (7, 2, 'HOODIECO-0007', 'L', 20, 3, 0, NULL, 1, 'Default', NULL, NULL, NULL, '2026-06-24 12:46:26', '2026-06-28 16:05:04') ON DUPLICATE KEY UPDATE `id`=7, `product_id`=2, `sku`='HOODIECO-0007', `size`='L', `stock`=20, `stock_reserved`=3, `reorder_level`=0, `barcode`=NULL, `is_active`=1, `color`='Default', `color_hex`=NULL, `price_override`=NULL, `filkom_price`=NULL, `created_at`='2026-06-24 12:46:26', `updated_at`='2026-06-28 16:05:04';
INSERT INTO `product_variants` (`id`, `product_id`, `sku`, `size`, `stock`, `stock_reserved`, `reorder_level`, `barcode`, `is_active`, `color`, `color_hex`, `price_override`, `filkom_price`, `created_at`, `updated_at`) VALUES (8, 2, 'HOODIECO-0008', 'XL', 10, 0, 0, NULL, 1, 'Default', NULL, NULL, NULL, '2026-06-24 12:46:26', '2026-06-24 12:46:36') ON DUPLICATE KEY UPDATE `id`=8, `product_id`=2, `sku`='HOODIECO-0008', `size`='XL', `stock`=10, `stock_reserved`=0, `reorder_level`=0, `barcode`=NULL, `is_active`=1, `color`='Default', `color_hex`=NULL, `price_override`=NULL, `filkom_price`=NULL, `created_at`='2026-06-24 12:46:26', `updated_at`='2026-06-24 12:46:36';
INSERT INTO `product_variants` (`id`, `product_id`, `sku`, `size`, `stock`, `stock_reserved`, `reorder_level`, `barcode`, `is_active`, `color`, `color_hex`, `price_override`, `filkom_price`, `created_at`, `updated_at`) VALUES (9, 3, 'TSHIRTDE-0009', 'S', 14, 1, 0, NULL, 1, 'Default', NULL, NULL, NULL, '2026-06-24 12:46:26', '2026-06-26 15:00:34') ON DUPLICATE KEY UPDATE `id`=9, `product_id`=3, `sku`='TSHIRTDE-0009', `size`='S', `stock`=14, `stock_reserved`=1, `reorder_level`=0, `barcode`=NULL, `is_active`=1, `color`='Default', `color_hex`=NULL, `price_override`=NULL, `filkom_price`=NULL, `created_at`='2026-06-24 12:46:26', `updated_at`='2026-06-26 15:00:34';
INSERT INTO `product_variants` (`id`, `product_id`, `sku`, `size`, `stock`, `stock_reserved`, `reorder_level`, `barcode`, `is_active`, `color`, `color_hex`, `price_override`, `filkom_price`, `created_at`, `updated_at`) VALUES (10, 3, 'TSHIRTDE-0010', 'M', 39, 0, 0, NULL, 1, 'Default', NULL, NULL, NULL, '2026-06-24 12:46:26', '2026-06-25 18:44:02') ON DUPLICATE KEY UPDATE `id`=10, `product_id`=3, `sku`='TSHIRTDE-0010', `size`='M', `stock`=39, `stock_reserved`=0, `reorder_level`=0, `barcode`=NULL, `is_active`=1, `color`='Default', `color_hex`=NULL, `price_override`=NULL, `filkom_price`=NULL, `created_at`='2026-06-24 12:46:26', `updated_at`='2026-06-25 18:44:02';
INSERT INTO `product_variants` (`id`, `product_id`, `sku`, `size`, `stock`, `stock_reserved`, `reorder_level`, `barcode`, `is_active`, `color`, `color_hex`, `price_override`, `filkom_price`, `created_at`, `updated_at`) VALUES (11, 3, 'TSHIRTDE-0011', 'L', 49, 3, 0, NULL, 1, 'Default', NULL, NULL, NULL, '2026-06-24 12:46:26', '2026-07-13 15:59:27') ON DUPLICATE KEY UPDATE `id`=11, `product_id`=3, `sku`='TSHIRTDE-0011', `size`='L', `stock`=49, `stock_reserved`=3, `reorder_level`=0, `barcode`=NULL, `is_active`=1, `color`='Default', `color_hex`=NULL, `price_override`=NULL, `filkom_price`=NULL, `created_at`='2026-06-24 12:46:26', `updated_at`='2026-07-13 15:59:27';
INSERT INTO `product_variants` (`id`, `product_id`, `sku`, `size`, `stock`, `stock_reserved`, `reorder_level`, `barcode`, `is_active`, `color`, `color_hex`, `price_override`, `filkom_price`, `created_at`, `updated_at`) VALUES (12, 3, 'TSHIRTDE-0012', 'XL', 19, 3, 0, NULL, 1, 'Default', NULL, NULL, NULL, '2026-06-24 12:46:26', '2026-07-01 12:56:50') ON DUPLICATE KEY UPDATE `id`=12, `product_id`=3, `sku`='TSHIRTDE-0012', `size`='XL', `stock`=19, `stock_reserved`=3, `reorder_level`=0, `barcode`=NULL, `is_active`=1, `color`='Default', `color_hex`=NULL, `price_override`=NULL, `filkom_price`=NULL, `created_at`='2026-06-24 12:46:26', `updated_at`='2026-07-01 12:56:50';
INSERT INTO `product_variants` (`id`, `product_id`, `sku`, `size`, `stock`, `stock_reserved`, `reorder_level`, `barcode`, `is_active`, `color`, `color_hex`, `price_override`, `filkom_price`, `created_at`, `updated_at`) VALUES (13, 4, 'LANYARDF-0013', 'All Size', 94, 26, 0, NULL, 1, 'Default', NULL, NULL, NULL, '2026-06-24 12:46:26', '2026-07-15 09:48:25') ON DUPLICATE KEY UPDATE `id`=13, `product_id`=4, `sku`='LANYARDF-0013', `size`='All Size', `stock`=94, `stock_reserved`=26, `reorder_level`=0, `barcode`=NULL, `is_active`=1, `color`='Default', `color_hex`=NULL, `price_override`=NULL, `filkom_price`=NULL, `created_at`='2026-06-24 12:46:26', `updated_at`='2026-07-15 09:48:25';
INSERT INTO `product_variants` (`id`, `product_id`, `sku`, `size`, `stock`, `stock_reserved`, `reorder_level`, `barcode`, `is_active`, `color`, `color_hex`, `price_override`, `filkom_price`, `created_at`, `updated_at`) VALUES (14, 7, NULL, 'One Size', 48, 8, 0, NULL, 1, 'All Color', NULL, NULL, 45000, '2026-06-26 10:45:11', '2026-07-15 09:48:25') ON DUPLICATE KEY UPDATE `id`=14, `product_id`=7, `sku`=NULL, `size`='One Size', `stock`=48, `stock_reserved`=8, `reorder_level`=0, `barcode`=NULL, `is_active`=1, `color`='All Color', `color_hex`=NULL, `price_override`=NULL, `filkom_price`=45000, `created_at`='2026-06-26 10:45:11', `updated_at`='2026-07-15 09:48:25';
INSERT INTO `product_variants` (`id`, `product_id`, `sku`, `size`, `stock`, `stock_reserved`, `reorder_level`, `barcode`, `is_active`, `color`, `color_hex`, `price_override`, `filkom_price`, `created_at`, `updated_at`) VALUES (15, 5, NULL, 'One Size', 50, 0, 0, NULL, 1, 'Default', NULL, NULL, NULL, '2026-07-08 14:39:52', '2026-07-08 14:39:52') ON DUPLICATE KEY UPDATE `id`=15, `product_id`=5, `sku`=NULL, `size`='One Size', `stock`=50, `stock_reserved`=0, `reorder_level`=0, `barcode`=NULL, `is_active`=1, `color`='Default', `color_hex`=NULL, `price_override`=NULL, `filkom_price`=NULL, `created_at`='2026-07-08 14:39:52', `updated_at`='2026-07-08 14:39:52';
INSERT INTO `product_variants` (`id`, `product_id`, `sku`, `size`, `stock`, `stock_reserved`, `reorder_level`, `barcode`, `is_active`, `color`, `color_hex`, `price_override`, `filkom_price`, `created_at`, `updated_at`) VALUES (16, 8, NULL, 'S', 2, 0, 0, NULL, 1, 'a', NULL, NULL, 329000, '2026-07-13 17:46:09', '2026-07-14 13:55:46') ON DUPLICATE KEY UPDATE `id`=16, `product_id`=8, `sku`=NULL, `size`='S', `stock`=2, `stock_reserved`=0, `reorder_level`=0, `barcode`=NULL, `is_active`=1, `color`='a', `color_hex`=NULL, `price_override`=NULL, `filkom_price`=329000, `created_at`='2026-07-13 17:46:09', `updated_at`='2026-07-14 13:55:46';
INSERT INTO `product_variants` (`id`, `product_id`, `sku`, `size`, `stock`, `stock_reserved`, `reorder_level`, `barcode`, `is_active`, `color`, `color_hex`, `price_override`, `filkom_price`, `created_at`, `updated_at`) VALUES (17, 8, NULL, 'M', 3, 0, 0, NULL, 1, 'a', NULL, NULL, 329000, '2026-07-13 17:46:09', '2026-07-14 13:55:46') ON DUPLICATE KEY UPDATE `id`=17, `product_id`=8, `sku`=NULL, `size`='M', `stock`=3, `stock_reserved`=0, `reorder_level`=0, `barcode`=NULL, `is_active`=1, `color`='a', `color_hex`=NULL, `price_override`=NULL, `filkom_price`=329000, `created_at`='2026-07-13 17:46:09', `updated_at`='2026-07-14 13:55:46';
INSERT INTO `product_variants` (`id`, `product_id`, `sku`, `size`, `stock`, `stock_reserved`, `reorder_level`, `barcode`, `is_active`, `color`, `color_hex`, `price_override`, `filkom_price`, `created_at`, `updated_at`) VALUES (18, 11, NULL, 'S', 100, 0, 0, NULL, 1, '', NULL, NULL, NULL, '2026-07-15 07:15:32', '2026-07-15 07:15:32') ON DUPLICATE KEY UPDATE `id`=18, `product_id`=11, `sku`=NULL, `size`='S', `stock`=100, `stock_reserved`=0, `reorder_level`=0, `barcode`=NULL, `is_active`=1, `color`='', `color_hex`=NULL, `price_override`=NULL, `filkom_price`=NULL, `created_at`='2026-07-15 07:15:32', `updated_at`='2026-07-15 07:15:32';
INSERT INTO `product_variants` (`id`, `product_id`, `sku`, `size`, `stock`, `stock_reserved`, `reorder_level`, `barcode`, `is_active`, `color`, `color_hex`, `price_override`, `filkom_price`, `created_at`, `updated_at`) VALUES (19, 11, NULL, 'M', 10, 0, 0, NULL, 1, '', NULL, NULL, NULL, '2026-07-15 07:15:32', '2026-07-15 07:15:32') ON DUPLICATE KEY UPDATE `id`=19, `product_id`=11, `sku`=NULL, `size`='M', `stock`=10, `stock_reserved`=0, `reorder_level`=0, `barcode`=NULL, `is_active`=1, `color`='', `color_hex`=NULL, `price_override`=NULL, `filkom_price`=NULL, `created_at`='2026-07-15 07:15:32', `updated_at`='2026-07-15 07:15:32';
INSERT INTO `product_variants` (`id`, `product_id`, `sku`, `size`, `stock`, `stock_reserved`, `reorder_level`, `barcode`, `is_active`, `color`, `color_hex`, `price_override`, `filkom_price`, `created_at`, `updated_at`) VALUES (20, 11, NULL, 'L', 9, 0, 0, NULL, 1, '', NULL, NULL, NULL, '2026-07-15 07:15:32', '2026-07-15 09:48:59') ON DUPLICATE KEY UPDATE `id`=20, `product_id`=11, `sku`=NULL, `size`='L', `stock`=9, `stock_reserved`=0, `reorder_level`=0, `barcode`=NULL, `is_active`=1, `color`='', `color_hex`=NULL, `price_override`=NULL, `filkom_price`=NULL, `created_at`='2026-07-15 07:15:32', `updated_at`='2026-07-15 09:48:59';
INSERT INTO `product_variants` (`id`, `product_id`, `sku`, `size`, `stock`, `stock_reserved`, `reorder_level`, `barcode`, `is_active`, `color`, `color_hex`, `price_override`, `filkom_price`, `created_at`, `updated_at`) VALUES (21, 11, NULL, 'XL', 10, 0, 0, NULL, 1, '', NULL, NULL, NULL, '2026-07-15 07:15:32', '2026-07-15 07:15:32') ON DUPLICATE KEY UPDATE `id`=21, `product_id`=11, `sku`=NULL, `size`='XL', `stock`=10, `stock_reserved`=0, `reorder_level`=0, `barcode`=NULL, `is_active`=1, `color`='', `color_hex`=NULL, `price_override`=NULL, `filkom_price`=NULL, `created_at`='2026-07-15 07:15:32', `updated_at`='2026-07-15 07:15:32';
INSERT INTO `product_variants` (`id`, `product_id`, `sku`, `size`, `stock`, `stock_reserved`, `reorder_level`, `barcode`, `is_active`, `color`, `color_hex`, `price_override`, `filkom_price`, `created_at`, `updated_at`) VALUES (22, 11, NULL, 'XXL', 10, 0, 0, NULL, 1, '', NULL, NULL, 10000, '2026-07-15 07:15:32', '2026-07-15 07:15:32') ON DUPLICATE KEY UPDATE `id`=22, `product_id`=11, `sku`=NULL, `size`='XXL', `stock`=10, `stock_reserved`=0, `reorder_level`=0, `barcode`=NULL, `is_active`=1, `color`='', `color_hex`=NULL, `price_override`=NULL, `filkom_price`=10000, `created_at`='2026-07-15 07:15:32', `updated_at`='2026-07-15 07:15:32';
INSERT INTO `product_variants` (`id`, `product_id`, `sku`, `size`, `stock`, `stock_reserved`, `reorder_level`, `barcode`, `is_active`, `color`, `color_hex`, `price_override`, `filkom_price`, `created_at`, `updated_at`) VALUES (23, 11, NULL, 'XXXL', 10, 0, 0, NULL, 1, '', NULL, NULL, 20000, '2026-07-15 07:15:32', '2026-07-15 07:15:32') ON DUPLICATE KEY UPDATE `id`=23, `product_id`=11, `sku`=NULL, `size`='XXXL', `stock`=10, `stock_reserved`=0, `reorder_level`=0, `barcode`=NULL, `is_active`=1, `color`='', `color_hex`=NULL, `price_override`=NULL, `filkom_price`=20000, `created_at`='2026-07-15 07:15:32', `updated_at`='2026-07-15 07:15:32';

-- Dumping data for bundle_items
INSERT INTO `bundle_items` (`id`, `bundle_product_id`, `component_product_id`, `quantity`) VALUES (13, 7, 4, 1) ON DUPLICATE KEY UPDATE `id`=13, `bundle_product_id`=7, `component_product_id`=4, `quantity`=1;
INSERT INTO `bundle_items` (`id`, `bundle_product_id`, `component_product_id`, `quantity`) VALUES (14, 7, 3, 1) ON DUPLICATE KEY UPDATE `id`=14, `bundle_product_id`=7, `component_product_id`=3, `quantity`=1;
INSERT INTO `bundle_items` (`id`, `bundle_product_id`, `component_product_id`, `quantity`) VALUES (15, 7, 1, 1) ON DUPLICATE KEY UPDATE `id`=15, `bundle_product_id`=7, `component_product_id`=1, `quantity`=1;

-- Dumping data for pre_order_campaigns
INSERT INTO `pre_order_campaigns` (`id`, `batch_name`, `start_date`, `end_date`, `extended_end_date`, `is_active`, `description`, `created_at`, `updated_at`) VALUES (2, 'Batch #2', '2026-07-19 17:00:00', '2026-07-31 16:59:00', '2026-08-05 16:59:00', 1, NULL, '2026-07-14 14:09:23', '2026-07-14 14:09:23') ON DUPLICATE KEY UPDATE `id`=2, `batch_name`='Batch #2', `start_date`='2026-07-19 17:00:00', `end_date`='2026-07-31 16:59:00', `extended_end_date`='2026-08-05 16:59:00', `is_active`=1, `description`=NULL, `created_at`='2026-07-14 14:09:23', `updated_at`='2026-07-14 14:09:23';

-- Dumping data for store_settings
INSERT INTO `store_settings` (`id`, `store_name`, `address`, `phone`, `tax_rate`, `qris_static_url`, `updated_at`, `homepage_layout`, `payment_mode`) VALUES (1, 'FILKOM Merch', 'FILKOM UB', '081234567890', '0.00', 'https://filkommerch.com/uploads/file-1783827933842-730934688.jpeg', '2026-07-15 10:18:36', '[{"id":"default-marquee","title":"Marquee Pengumuman","enabled":true,"elements":[{"id":"default-el-marquee","type":"marquee","config":{"text":"OFFICIAL MERCHANDISE FILKOM UB|PRE-ORDER BATCH #2 STARTING SOON!|MARK THE DATE!|20.07.2026|ONLY AT FILKOMMERCH.COM"}}]},{"id":"default-hero","title":"Hero Banner Utama","enabled":true,"elements":[{"id":"default-el-hero","type":"hero_banner","config":{"title":"SHOW YOUR\\nFILKOM PRIDE!","subtitle":"Dapatkan kesempatan membeli dan mendapatkan produk FILKOM Merchandise lebih awal dengan harga diskon up to 30%.","subLabel":"PRE-ORDER BATCH #2","btnText":"KE HALAMAN PRE-ORDER","btnLink":"/pre-order","image":"http://127.0.0.1:8080/uploads/file-1783771681395-509614541.jpg","images":["http://127.0.0.1:8080/uploads/file-1783771681395-509614541.jpg","http://127.0.0.1:8080/uploads/file-1783771692985-152913621.jpg","http://127.0.0.1:8080/uploads/file-1783771704458-72271194.jpg","http://127.0.0.1:8080/uploads/file-1783771822171-440294417.jpg","http://127.0.0.1:8080/uploads/file-1783771831573-600610850.jpg"],"showCountdown":true,"countdownEnd":"2026-07-20T00:00:00","showLookbookBtn":false,"countdownLabel":"PRE-ORDER AKAN DIBUKA DALAM","lookbookBtnText":""}}]},{"id":"default-featured","title":"Koleksi Unggulan","enabled":true,"elements":[{"id":"default-el-featured","type":"product_grid","config":{"title":"OUR MAIN HERO","subtitle":"CHOOSE YOUR LOOK","source":"slugs","slugs":"work-jacket,half-zip,tumbler-stainless,boneka-bara,w,wwswe","maxItems":6}}]},{"id":"default-bundle","title":"Rekomendasi Bundling","enabled":true,"elements":[{"id":"default-el-bundle","type":"bundle_recommendation","config":{"title":"Exclusive Bundles","subtitle":"SPECIAL SAVINGS PACKS","items":[{"name":"Freshman Starter Pack","price":"Rp 120.000","originalPrice":"Rp 145.000","image":"","description":"Paket lengkap maba untuk tampil keren di kampus baru.","itemsList":"Kaos Premium, Totebag Canvas, Sticker Pack","link":"/products"},{"name":"Premium Varsity Bundle","price":"Rp 320.000","originalPrice":"Rp 370.000","image":"","description":"Kombinasi varsity eksklusif dan notebook untuk ngampus.","itemsList":"Varsity Jacket, Notebook Exclusive, Tumbler Stainless","link":"/products"}]}}]},{"id":"default-categories","title":"Kategori Pilihan","enabled":true,"elements":[{"id":"default-el-categories","type":"category_showcase","config":{"title":"Shop By Categories"}}]},{"id":"default-about","title":"Tentang Kami (About FM)","enabled":true,"elements":[{"id":"default-el-about","type":"text_block","config":{"title":"More than Merchandise.","subtitle":"ABOUT FILKOM MERCHANDISE","body":"FILKOM Merchandise (FM) adalah unit resmi merchandise Fakultas Ilmu Komputer Universitas Brawijaya yang dikelola secara profesional oleh mahasiswa. Kami bertekad menjadi wadah kreativitas dan kebanggaan civitas akademika dengan menghadirkan produk eksklusif berkualitas premium, sekaligus mendukung inovasi mahasiswa di lingkungan kampus.","alignment":"center","leftImage":"https://filkommerch.com/uploads/file-1784110086524-142223887.jpg","rightImage":"https://filkommerch.com/uploads/file-1784110095963-226460230.jpg"}}]},{"id":"default-limited","title":"Limited Drop Campaign","enabled":false,"elements":[{"id":"default-el-limited","type":"limited_drop","config":{"title":"Varsity Jacket","subtitle":"Varsity premium dengan bordir logo FILKOM eksklusif, diproduksi terbatas hanya untuk batch ini.","productSlug":"varsity-filkom","image":"","countdownEnd":"2026-08-05T23:59:59+07:00","stockMax":100,"stockCurrent":70}}]},{"id":"default-why","title":"Value Proposition","enabled":false,"elements":[{"id":"default-el-why","type":"value_props","config":{"items":[{"title":"Designed by Students","description":"Setiap detail dirancang untuk merepresentasikan kehidupan perkuliahan di FILKOM."},{"title":"Official Merchandise","description":"Satu-satunya penyedia merchandise berlisensi resmi di bawah BEM & Fakultas."},{"title":"Premium Materials","description":"Jaminan bahan nyaman, awet, dan nyaman dipakai harian."},{"title":"Support Innovation","description":"Seluruh hasil penjualan dialokasikan untuk mendukung kegiatan dan inovasi kemahasiswaan."}]}}]},{"id":"default-gallery","title":"Lifestyle Gallery","enabled":false,"elements":[{"id":"default-el-gallery","type":"gallery","config":{"title":"Campus Lookbook","subtitle":"@FILKOMMERCH","items":[{"id":"g1","image":"","caption":"Varsity jacket di gazebo"},{"id":"g2","image":"","caption":"Ngoding pake hoodie premium"},{"id":"g3","image":"","caption":"Totebag praktis kuliah"},{"id":"g4","image":"","caption":"Lifestyle kaos debugging"}]}}]},{"id":"default-testimonial","title":"Testimonial Pelanggan","enabled":false,"elements":[{"id":"default-el-testimonial","type":"testimonial","config":{"title":"Campus Voices","subtitle":"TESTIMONIALS","items":[{"id":"t1","name":"Rizwan Dak","role":"Informatika 2024","content":"Varsity-nya tebal banget, bordirannya rapi pol. Nyaman buat dipake kuliah seharian di ruangan AC FILKOM."},{"id":"t2","name":"Ahmad Jauhari","role":"Sistem Informasi 2023","content":"Desain kaos debugging-nya relate banget sama kehidupan anak IT. Bahan katun combed-nya adem dan ga gampang melar."}]}}]},{"id":"default-faq","title":"Pertanyaan Umum (FAQ)","enabled":true,"elements":[{"id":"default-el-faq","type":"faq","config":{"items":[{"id":"size","q":"Apakah barang pre-order bisa dikirim ke luar kota?","a":"Bisa bro/sis! Kami menyediakan opsi pengiriman reguler J&T/JNE ke seluruh Indonesia selain opsi Ambil di Gazebo FILKOM UB."},{"id":"po","q":"Berapa lama proses produksi Pre-Order?","a":"Proses produksi memakan waktu sekitar 14-21 hari kerja setelah sesi Pre-Order ditutup secara resmi."},{"id":"pickup","q":"Bagaimana cara memilih ukuran yang pas (sizing)?","a":"Setiap halaman produk dilengkapi dengan Size Chart lengkap. Kami merekomendasikan mengukur kaos atau jaket Anda yang biasa dipakai lalu mencocokkannya."},{"id":"refund","q":"Apakah bisa mengajukan pengembalian (refund)?","a":"Refund hanya diperbolehkan apabila terdapat kesalahan pengiriman produk atau cacat produksi major dari vendor kami."}]}}]}]', 'manual_qris') ON DUPLICATE KEY UPDATE `id`=1, `store_name`='FILKOM Merch', `address`='FILKOM UB', `phone`='081234567890', `tax_rate`='0.00', `qris_static_url`='https://filkommerch.com/uploads/file-1783827933842-730934688.jpeg', `updated_at`='2026-07-15 10:18:36', `homepage_layout`='[{"id":"default-marquee","title":"Marquee Pengumuman","enabled":true,"elements":[{"id":"default-el-marquee","type":"marquee","config":{"text":"OFFICIAL MERCHANDISE FILKOM UB|PRE-ORDER BATCH #2 STARTING SOON!|MARK THE DATE!|20.07.2026|ONLY AT FILKOMMERCH.COM"}}]},{"id":"default-hero","title":"Hero Banner Utama","enabled":true,"elements":[{"id":"default-el-hero","type":"hero_banner","config":{"title":"SHOW YOUR\\nFILKOM PRIDE!","subtitle":"Dapatkan kesempatan membeli dan mendapatkan produk FILKOM Merchandise lebih awal dengan harga diskon up to 30%.","subLabel":"PRE-ORDER BATCH #2","btnText":"KE HALAMAN PRE-ORDER","btnLink":"/pre-order","image":"http://127.0.0.1:8080/uploads/file-1783771681395-509614541.jpg","images":["http://127.0.0.1:8080/uploads/file-1783771681395-509614541.jpg","http://127.0.0.1:8080/uploads/file-1783771692985-152913621.jpg","http://127.0.0.1:8080/uploads/file-1783771704458-72271194.jpg","http://127.0.0.1:8080/uploads/file-1783771822171-440294417.jpg","http://127.0.0.1:8080/uploads/file-1783771831573-600610850.jpg"],"showCountdown":true,"countdownEnd":"2026-07-20T00:00:00","showLookbookBtn":false,"countdownLabel":"PRE-ORDER AKAN DIBUKA DALAM","lookbookBtnText":""}}]},{"id":"default-featured","title":"Koleksi Unggulan","enabled":true,"elements":[{"id":"default-el-featured","type":"product_grid","config":{"title":"OUR MAIN HERO","subtitle":"CHOOSE YOUR LOOK","source":"slugs","slugs":"work-jacket,half-zip,tumbler-stainless,boneka-bara,w,wwswe","maxItems":6}}]},{"id":"default-bundle","title":"Rekomendasi Bundling","enabled":true,"elements":[{"id":"default-el-bundle","type":"bundle_recommendation","config":{"title":"Exclusive Bundles","subtitle":"SPECIAL SAVINGS PACKS","items":[{"name":"Freshman Starter Pack","price":"Rp 120.000","originalPrice":"Rp 145.000","image":"","description":"Paket lengkap maba untuk tampil keren di kampus baru.","itemsList":"Kaos Premium, Totebag Canvas, Sticker Pack","link":"/products"},{"name":"Premium Varsity Bundle","price":"Rp 320.000","originalPrice":"Rp 370.000","image":"","description":"Kombinasi varsity eksklusif dan notebook untuk ngampus.","itemsList":"Varsity Jacket, Notebook Exclusive, Tumbler Stainless","link":"/products"}]}}]},{"id":"default-categories","title":"Kategori Pilihan","enabled":true,"elements":[{"id":"default-el-categories","type":"category_showcase","config":{"title":"Shop By Categories"}}]},{"id":"default-about","title":"Tentang Kami (About FM)","enabled":true,"elements":[{"id":"default-el-about","type":"text_block","config":{"title":"More than Merchandise.","subtitle":"ABOUT FILKOM MERCHANDISE","body":"FILKOM Merchandise (FM) adalah unit resmi merchandise Fakultas Ilmu Komputer Universitas Brawijaya yang dikelola secara profesional oleh mahasiswa. Kami bertekad menjadi wadah kreativitas dan kebanggaan civitas akademika dengan menghadirkan produk eksklusif berkualitas premium, sekaligus mendukung inovasi mahasiswa di lingkungan kampus.","alignment":"center","leftImage":"https://filkommerch.com/uploads/file-1784110086524-142223887.jpg","rightImage":"https://filkommerch.com/uploads/file-1784110095963-226460230.jpg"}}]},{"id":"default-limited","title":"Limited Drop Campaign","enabled":false,"elements":[{"id":"default-el-limited","type":"limited_drop","config":{"title":"Varsity Jacket","subtitle":"Varsity premium dengan bordir logo FILKOM eksklusif, diproduksi terbatas hanya untuk batch ini.","productSlug":"varsity-filkom","image":"","countdownEnd":"2026-08-05T23:59:59+07:00","stockMax":100,"stockCurrent":70}}]},{"id":"default-why","title":"Value Proposition","enabled":false,"elements":[{"id":"default-el-why","type":"value_props","config":{"items":[{"title":"Designed by Students","description":"Setiap detail dirancang untuk merepresentasikan kehidupan perkuliahan di FILKOM."},{"title":"Official Merchandise","description":"Satu-satunya penyedia merchandise berlisensi resmi di bawah BEM & Fakultas."},{"title":"Premium Materials","description":"Jaminan bahan nyaman, awet, dan nyaman dipakai harian."},{"title":"Support Innovation","description":"Seluruh hasil penjualan dialokasikan untuk mendukung kegiatan dan inovasi kemahasiswaan."}]}}]},{"id":"default-gallery","title":"Lifestyle Gallery","enabled":false,"elements":[{"id":"default-el-gallery","type":"gallery","config":{"title":"Campus Lookbook","subtitle":"@FILKOMMERCH","items":[{"id":"g1","image":"","caption":"Varsity jacket di gazebo"},{"id":"g2","image":"","caption":"Ngoding pake hoodie premium"},{"id":"g3","image":"","caption":"Totebag praktis kuliah"},{"id":"g4","image":"","caption":"Lifestyle kaos debugging"}]}}]},{"id":"default-testimonial","title":"Testimonial Pelanggan","enabled":false,"elements":[{"id":"default-el-testimonial","type":"testimonial","config":{"title":"Campus Voices","subtitle":"TESTIMONIALS","items":[{"id":"t1","name":"Rizwan Dak","role":"Informatika 2024","content":"Varsity-nya tebal banget, bordirannya rapi pol. Nyaman buat dipake kuliah seharian di ruangan AC FILKOM."},{"id":"t2","name":"Ahmad Jauhari","role":"Sistem Informasi 2023","content":"Desain kaos debugging-nya relate banget sama kehidupan anak IT. Bahan katun combed-nya adem dan ga gampang melar."}]}}]},{"id":"default-faq","title":"Pertanyaan Umum (FAQ)","enabled":true,"elements":[{"id":"default-el-faq","type":"faq","config":{"items":[{"id":"size","q":"Apakah barang pre-order bisa dikirim ke luar kota?","a":"Bisa bro/sis! Kami menyediakan opsi pengiriman reguler J&T/JNE ke seluruh Indonesia selain opsi Ambil di Gazebo FILKOM UB."},{"id":"po","q":"Berapa lama proses produksi Pre-Order?","a":"Proses produksi memakan waktu sekitar 14-21 hari kerja setelah sesi Pre-Order ditutup secara resmi."},{"id":"pickup","q":"Bagaimana cara memilih ukuran yang pas (sizing)?","a":"Setiap halaman produk dilengkapi dengan Size Chart lengkap. Kami merekomendasikan mengukur kaos atau jaket Anda yang biasa dipakai lalu mencocokkannya."},{"id":"refund","q":"Apakah bisa mengajukan pengembalian (refund)?","a":"Refund hanya diperbolehkan apabila terdapat kesalahan pengiriman produk atau cacat produksi major dari vendor kami."}]}}]}]', `payment_mode`='manual_qris';

SET FOREIGN_KEY_CHECKS=1;
